row_type,scenario,trial,node_count,op_count,topology_kind,edge_count,diameter,convergence_ms,mean_ms,p50_ms,p95_ms
trial,divergence-n2-append-1e2,1,2,200,partition_heal,1,1,6.492,,,
trial,divergence-n2-append-1e2,2,2,200,partition_heal,1,1,5.555,,,
trial,divergence-n2-append-1e2,3,2,200,partition_heal,1,1,6.800,,,
trial,divergence-n2-append-1e2,4,2,200,partition_heal,1,1,5.224,,,
trial,divergence-n2-append-1e2,5,2,200,partition_heal,1,1,6.091,,,
trial,divergence-n2-append-1e2,6,2,200,partition_heal,1,1,4.262,,,
trial,divergence-n2-append-1e2,7,2,200,partition_heal,1,1,5.138,,,
trial,divergence-n2-append-1e2,8,2,200,partition_heal,1,1,5.658,,,
trial,divergence-n2-append-1e2,9,2,200,partition_heal,1,1,4.892,,,
trial,divergence-n2-append-1e2,10,2,200,partition_heal,1,1,5.334,,,
trial,divergence-n2-append-1e2,11,2,200,partition_heal,1,1,5.042,,,
trial,divergence-n2-append-1e2,12,2,200,partition_heal,1,1,5.308,,,
trial,divergence-n2-append-1e2,13,2,200,partition_heal,1,1,6.502,,,
trial,divergence-n2-append-1e2,14,2,200,partition_heal,1,1,6.036,,,
trial,divergence-n2-append-1e2,15,2,200,partition_heal,1,1,5.462,,,
trial,divergence-n2-append-1e2,16,2,200,partition_heal,1,1,5.097,,,
trial,divergence-n2-append-1e2,17,2,200,partition_heal,1,1,5.519,,,
trial,divergence-n2-append-1e2,18,2,200,partition_heal,1,1,5.931,,,
trial,divergence-n2-append-1e2,19,2,200,partition_heal,1,1,5.605,,,
trial,divergence-n2-append-1e2,20,2,200,partition_heal,1,1,5.822,,,
summary,divergence-n2-append-1e2,20,2,200,partition_heal,1,1,,5.588,5.519,6.502
trial,divergence-n2-random_position-1e2,1,2,200,partition_heal,1,1,6.400,,,
trial,divergence-n2-random_position-1e2,2,2,200,partition_heal,1,1,6.946,,,
trial,divergence-n2-random_position-1e2,3,2,200,partition_heal,1,1,6.133,,,
trial,divergence-n2-random_position-1e2,4,2,200,partition_heal,1,1,6.009,,,
trial,divergence-n2-random_position-1e2,5,2,200,partition_heal,1,1,5.925,,,
trial,divergence-n2-random_position-1e2,6,2,200,partition_heal,1,1,6.871,,,
trial,divergence-n2-random_position-1e2,7,2,200,partition_heal,1,1,7.235,,,
trial,divergence-n2-random_position-1e2,8,2,200,partition_heal,1,1,6.784,,,
trial,divergence-n2-random_position-1e2,9,2,200,partition_heal,1,1,6.432,,,
trial,divergence-n2-random_position-1e2,10,2,200,partition_heal,1,1,6.526,,,
trial,divergence-n2-random_position-1e2,11,2,200,partition_heal,1,1,6.288,,,
trial,divergence-n2-random_position-1e2,12,2,200,partition_heal,1,1,5.894,,,
trial,divergence-n2-random_position-1e2,13,2,200,partition_heal,1,1,6.167,,,
trial,divergence-n2-random_position-1e2,14,2,200,partition_heal,1,1,5.465,,,
trial,divergence-n2-random_position-1e2,15,2,200,partition_heal,1,1,5.266,,,
trial,divergence-n2-random_position-1e2,16,2,200,partition_heal,1,1,6.493,,,
trial,divergence-n2-random_position-1e2,17,2,200,partition_heal,1,1,6.500,,,
trial,divergence-n2-random_position-1e2,18,2,200,partition_heal,1,1,5.434,,,
trial,divergence-n2-random_position-1e2,19,2,200,partition_heal,1,1,4.825,,,
trial,divergence-n2-random_position-1e2,20,2,200,partition_heal,1,1,6.683,,,
summary,divergence-n2-random_position-1e2,20,2,200,partition_heal,1,1,,6.214,6.288,6.946
trial,divergence-n2-same_region-1e2,1,2,200,partition_heal,1,1,8.002,,,
trial,divergence-n2-same_region-1e2,2,2,200,partition_heal,1,1,8.305,,,
trial,divergence-n2-same_region-1e2,3,2,200,partition_heal,1,1,8.657,,,
trial,divergence-n2-same_region-1e2,4,2,200,partition_heal,1,1,8.161,,,
trial,divergence-n2-same_region-1e2,5,2,200,partition_heal,1,1,10.187,,,
trial,divergence-n2-same_region-1e2,6,2,200,partition_heal,1,1,7.733,,,
trial,divergence-n2-same_region-1e2,7,2,200,partition_heal,1,1,6.684,,,
trial,divergence-n2-same_region-1e2,8,2,200,partition_heal,1,1,7.076,,,
trial,divergence-n2-same_region-1e2,9,2,200,partition_heal,1,1,6.500,,,
trial,divergence-n2-same_region-1e2,10,2,200,partition_heal,1,1,8.757,,,
trial,divergence-n2-same_region-1e2,11,2,200,partition_heal,1,1,8.734,,,
trial,divergence-n2-same_region-1e2,12,2,200,partition_heal,1,1,10.600,,,
trial,divergence-n2-same_region-1e2,13,2,200,partition_heal,1,1,7.249,,,
trial,divergence-n2-same_region-1e2,14,2,200,partition_heal,1,1,6.729,,,
trial,divergence-n2-same_region-1e2,15,2,200,partition_heal,1,1,8.358,,,
trial,divergence-n2-same_region-1e2,16,2,200,partition_heal,1,1,8.387,,,
trial,divergence-n2-same_region-1e2,17,2,200,partition_heal,1,1,7.241,,,
trial,divergence-n2-same_region-1e2,18,2,200,partition_heal,1,1,7.628,,,
trial,divergence-n2-same_region-1e2,19,2,200,partition_heal,1,1,7.394,,,
trial,divergence-n2-same_region-1e2,20,2,200,partition_heal,1,1,7.856,,,
summary,divergence-n2-same_region-1e2,20,2,200,partition_heal,1,1,,8.012,7.856,10.187
trial,divergence-n2-append-1e3,1,2,2000,partition_heal,1,1,34.311,,,
trial,divergence-n2-append-1e3,2,2,2000,partition_heal,1,1,42.356,,,
trial,divergence-n2-append-1e3,3,2,2000,partition_heal,1,1,30.839,,,
trial,divergence-n2-append-1e3,4,2,2000,partition_heal,1,1,27.029,,,
trial,divergence-n2-append-1e3,5,2,2000,partition_heal,1,1,28.581,,,
trial,divergence-n2-append-1e3,6,2,2000,partition_heal,1,1,31.162,,,
trial,divergence-n2-append-1e3,7,2,2000,partition_heal,1,1,29.717,,,
trial,divergence-n2-append-1e3,8,2,2000,partition_heal,1,1,34.373,,,
trial,divergence-n2-append-1e3,9,2,2000,partition_heal,1,1,30.433,,,
trial,divergence-n2-append-1e3,10,2,2000,partition_heal,1,1,30.801,,,
trial,divergence-n2-append-1e3,11,2,2000,partition_heal,1,1,33.836,,,
trial,divergence-n2-append-1e3,12,2,2000,partition_heal,1,1,31.452,,,
trial,divergence-n2-append-1e3,13,2,2000,partition_heal,1,1,35.537,,,
trial,divergence-n2-append-1e3,14,2,2000,partition_heal,1,1,31.067,,,
trial,divergence-n2-append-1e3,15,2,2000,partition_heal,1,1,29.857,,,
trial,divergence-n2-append-1e3,16,2,2000,partition_heal,1,1,36.435,,,
trial,divergence-n2-append-1e3,17,2,2000,partition_heal,1,1,27.819,,,
trial,divergence-n2-append-1e3,18,2,2000,partition_heal,1,1,31.372,,,
trial,divergence-n2-append-1e3,19,2,2000,partition_heal,1,1,31.097,,,
trial,divergence-n2-append-1e3,20,2,2000,partition_heal,1,1,29.720,,,
summary,divergence-n2-append-1e3,20,2,2000,partition_heal,1,1,,31.890,31.067,36.435
trial,divergence-n2-random_position-1e3,1,2,2000,partition_heal,1,1,35.909,,,
trial,divergence-n2-random_position-1e3,2,2,2000,partition_heal,1,1,40.110,,,
trial,divergence-n2-random_position-1e3,3,2,2000,partition_heal,1,1,34.624,,,
trial,divergence-n2-random_position-1e3,4,2,2000,partition_heal,1,1,47.451,,,
trial,divergence-n2-random_position-1e3,5,2,2000,partition_heal,1,1,39.414,,,
trial,divergence-n2-random_position-1e3,6,2,2000,partition_heal,1,1,39.979,,,
trial,divergence-n2-random_position-1e3,7,2,2000,partition_heal,1,1,35.965,,,
trial,divergence-n2-random_position-1e3,8,2,2000,partition_heal,1,1,34.413,,,
trial,divergence-n2-random_position-1e3,9,2,2000,partition_heal,1,1,32.476,,,
trial,divergence-n2-random_position-1e3,10,2,2000,partition_heal,1,1,30.789,,,
trial,divergence-n2-random_position-1e3,11,2,2000,partition_heal,1,1,35.613,,,
trial,divergence-n2-random_position-1e3,12,2,2000,partition_heal,1,1,37.154,,,
trial,divergence-n2-random_position-1e3,13,2,2000,partition_heal,1,1,31.680,,,
trial,divergence-n2-random_position-1e3,14,2,2000,partition_heal,1,1,32.888,,,
trial,divergence-n2-random_position-1e3,15,2,2000,partition_heal,1,1,34.313,,,
trial,divergence-n2-random_position-1e3,16,2,2000,partition_heal,1,1,35.895,,,
trial,divergence-n2-random_position-1e3,17,2,2000,partition_heal,1,1,38.130,,,
trial,divergence-n2-random_position-1e3,18,2,2000,partition_heal,1,1,35.115,,,
trial,divergence-n2-random_position-1e3,19,2,2000,partition_heal,1,1,39.126,,,
trial,divergence-n2-random_position-1e3,20,2,2000,partition_heal,1,1,39.059,,,
summary,divergence-n2-random_position-1e3,20,2,2000,partition_heal,1,1,,36.505,35.895,40.110
trial,divergence-n2-same_region-1e3,1,2,2000,partition_heal,1,1,70.438,,,
trial,divergence-n2-same_region-1e3,2,2,2000,partition_heal,1,1,68.494,,,
trial,divergence-n2-same_region-1e3,3,2,2000,partition_heal,1,1,61.641,,,
trial,divergence-n2-same_region-1e3,4,2,2000,partition_heal,1,1,52.938,,,
trial,divergence-n2-same_region-1e3,5,2,2000,partition_heal,1,1,60.799,,,
trial,divergence-n2-same_region-1e3,6,2,2000,partition_heal,1,1,55.267,,,
trial,divergence-n2-same_region-1e3,7,2,2000,partition_heal,1,1,53.237,,,
trial,divergence-n2-same_region-1e3,8,2,2000,partition_heal,1,1,60.358,,,
trial,divergence-n2-same_region-1e3,9,2,2000,partition_heal,1,1,57.436,,,
trial,divergence-n2-same_region-1e3,10,2,2000,partition_heal,1,1,55.231,,,
trial,divergence-n2-same_region-1e3,11,2,2000,partition_heal,1,1,58.603,,,
trial,divergence-n2-same_region-1e3,12,2,2000,partition_heal,1,1,54.965,,,
trial,divergence-n2-same_region-1e3,13,2,2000,partition_heal,1,1,67.681,,,
trial,divergence-n2-same_region-1e3,14,2,2000,partition_heal,1,1,57.831,,,
trial,divergence-n2-same_region-1e3,15,2,2000,partition_heal,1,1,72.547,,,
trial,divergence-n2-same_region-1e3,16,2,2000,partition_heal,1,1,62.516,,,
trial,divergence-n2-same_region-1e3,17,2,2000,partition_heal,1,1,54.708,,,
trial,divergence-n2-same_region-1e3,18,2,2000,partition_heal,1,1,58.950,,,
trial,divergence-n2-same_region-1e3,19,2,2000,partition_heal,1,1,73.124,,,
trial,divergence-n2-same_region-1e3,20,2,2000,partition_heal,1,1,57.654,,,
summary,divergence-n2-same_region-1e3,20,2,2000,partition_heal,1,1,,60.721,58.603,72.547
trial,divergence-n2-append-1e4,1,2,20000,partition_heal,1,1,255.575,,,
trial,divergence-n2-append-1e4,2,2,20000,partition_heal,1,1,274.969,,,
trial,divergence-n2-append-1e4,3,2,20000,partition_heal,1,1,324.027,,,
trial,divergence-n2-append-1e4,4,2,20000,partition_heal,1,1,285.624,,,
trial,divergence-n2-append-1e4,5,2,20000,partition_heal,1,1,286.560,,,
trial,divergence-n2-append-1e4,6,2,20000,partition_heal,1,1,367.636,,,
trial,divergence-n2-append-1e4,7,2,20000,partition_heal,1,1,273.087,,,
trial,divergence-n2-append-1e4,8,2,20000,partition_heal,1,1,246.474,,,
trial,divergence-n2-append-1e4,9,2,20000,partition_heal,1,1,276.241,,,
trial,divergence-n2-append-1e4,10,2,20000,partition_heal,1,1,262.259,,,
trial,divergence-n2-append-1e4,11,2,20000,partition_heal,1,1,273.648,,,
trial,divergence-n2-append-1e4,12,2,20000,partition_heal,1,1,253.577,,,
trial,divergence-n2-append-1e4,13,2,20000,partition_heal,1,1,264.416,,,
trial,divergence-n2-append-1e4,14,2,20000,partition_heal,1,1,278.844,,,
trial,divergence-n2-append-1e4,15,2,20000,partition_heal,1,1,293.793,,,
trial,divergence-n2-append-1e4,16,2,20000,partition_heal,1,1,261.900,,,
trial,divergence-n2-append-1e4,17,2,20000,partition_heal,1,1,250.882,,,
trial,divergence-n2-append-1e4,18,2,20000,partition_heal,1,1,248.095,,,
trial,divergence-n2-append-1e4,19,2,20000,partition_heal,1,1,253.620,,,
trial,divergence-n2-append-1e4,20,2,20000,partition_heal,1,1,262.420,,,
summary,divergence-n2-append-1e4,20,2,20000,partition_heal,1,1,,274.682,264.416,324.027
trial,divergence-n2-random_position-1e4,1,2,20000,partition_heal,1,1,309.868,,,
trial,divergence-n2-random_position-1e4,2,2,20000,partition_heal,1,1,316.353,,,
trial,divergence-n2-random_position-1e4,3,2,20000,partition_heal,1,1,266.648,,,
trial,divergence-n2-random_position-1e4,4,2,20000,partition_heal,1,1,284.055,,,
trial,divergence-n2-random_position-1e4,5,2,20000,partition_heal,1,1,291.071,,,
trial,divergence-n2-random_position-1e4,6,2,20000,partition_heal,1,1,286.070,,,
trial,divergence-n2-random_position-1e4,7,2,20000,partition_heal,1,1,273.791,,,
trial,divergence-n2-random_position-1e4,8,2,20000,partition_heal,1,1,288.553,,,
trial,divergence-n2-random_position-1e4,9,2,20000,partition_heal,1,1,284.095,,,
trial,divergence-n2-random_position-1e4,10,2,20000,partition_heal,1,1,308.328,,,
trial,divergence-n2-random_position-1e4,11,2,20000,partition_heal,1,1,269.941,,,
trial,divergence-n2-random_position-1e4,12,2,20000,partition_heal,1,1,297.791,,,
trial,divergence-n2-random_position-1e4,13,2,20000,partition_heal,1,1,297.361,,,
trial,divergence-n2-random_position-1e4,14,2,20000,partition_heal,1,1,377.256,,,
trial,divergence-n2-random_position-1e4,15,2,20000,partition_heal,1,1,291.334,,,
trial,divergence-n2-random_position-1e4,16,2,20000,partition_heal,1,1,306.864,,,
trial,divergence-n2-random_position-1e4,17,2,20000,partition_heal,1,1,325.334,,,
trial,divergence-n2-random_position-1e4,18,2,20000,partition_heal,1,1,296.269,,,
trial,divergence-n2-random_position-1e4,19,2,20000,partition_heal,1,1,291.456,,,
trial,divergence-n2-random_position-1e4,20,2,20000,partition_heal,1,1,284.310,,,
summary,divergence-n2-random_position-1e4,20,2,20000,partition_heal,1,1,,297.337,291.334,325.334
trial,divergence-n2-same_region-1e4,1,2,20000,partition_heal,1,1,513.970,,,
trial,divergence-n2-same_region-1e4,2,2,20000,partition_heal,1,1,495.627,,,
trial,divergence-n2-same_region-1e4,3,2,20000,partition_heal,1,1,497.340,,,
trial,divergence-n2-same_region-1e4,4,2,20000,partition_heal,1,1,484.517,,,
trial,divergence-n2-same_region-1e4,5,2,20000,partition_heal,1,1,484.820,,,
trial,divergence-n2-same_region-1e4,6,2,20000,partition_heal,1,1,532.972,,,
trial,divergence-n2-same_region-1e4,7,2,20000,partition_heal,1,1,561.360,,,
trial,divergence-n2-same_region-1e4,8,2,20000,partition_heal,1,1,504.382,,,
trial,divergence-n2-same_region-1e4,9,2,20000,partition_heal,1,1,496.960,,,
trial,divergence-n2-same_region-1e4,10,2,20000,partition_heal,1,1,539.042,,,
trial,divergence-n2-same_region-1e4,11,2,20000,partition_heal,1,1,515.892,,,
trial,divergence-n2-same_region-1e4,12,2,20000,partition_heal,1,1,506.954,,,
trial,divergence-n2-same_region-1e4,13,2,20000,partition_heal,1,1,503.385,,,
trial,divergence-n2-same_region-1e4,14,2,20000,partition_heal,1,1,520.254,,,
trial,divergence-n2-same_region-1e4,15,2,20000,partition_heal,1,1,500.458,,,
trial,divergence-n2-same_region-1e4,16,2,20000,partition_heal,1,1,501.689,,,
trial,divergence-n2-same_region-1e4,17,2,20000,partition_heal,1,1,524.063,,,
trial,divergence-n2-same_region-1e4,18,2,20000,partition_heal,1,1,471.835,,,
trial,divergence-n2-same_region-1e4,19,2,20000,partition_heal,1,1,555.026,,,
trial,divergence-n2-same_region-1e4,20,2,20000,partition_heal,1,1,470.586,,,
summary,divergence-n2-same_region-1e4,20,2,20000,partition_heal,1,1,,509.057,503.385,555.026
