row_type,scenario,trial,node_count,op_count,topology_kind,edge_count,diameter,convergence_ms,mean_ms,p50_ms,p95_ms,wiring_ms,mean_wiring_ms
trial,partition-heal-n4-bridge-concentrated,1,4,8,partition_heal,3,3,3.299,,,,1.314,
trial,partition-heal-n4-bridge-concentrated,2,4,8,partition_heal,3,3,2.915,,,,1.036,
trial,partition-heal-n4-bridge-concentrated,3,4,8,partition_heal,3,3,2.694,,,,1.146,
trial,partition-heal-n4-bridge-concentrated,4,4,8,partition_heal,3,3,3.040,,,,1.323,
trial,partition-heal-n4-bridge-concentrated,5,4,8,partition_heal,3,3,3.627,,,,1.822,
trial,partition-heal-n4-bridge-concentrated,6,4,8,partition_heal,3,3,2.804,,,,1.149,
trial,partition-heal-n4-bridge-concentrated,7,4,8,partition_heal,3,3,2.857,,,,1.180,
trial,partition-heal-n4-bridge-concentrated,8,4,8,partition_heal,3,3,2.617,,,,1.110,
trial,partition-heal-n4-bridge-concentrated,9,4,8,partition_heal,3,3,2.797,,,,1.147,
trial,partition-heal-n4-bridge-concentrated,10,4,8,partition_heal,3,3,2.689,,,,1.132,
summary,partition-heal-n4-bridge-concentrated,10,4,8,partition_heal,3,3,,2.934,2.804,3.627,,1.236
trial,partition-heal-n4-bridge,1,4,8,partition_heal,3,3,2.956,,,,1.141,
trial,partition-heal-n4-bridge,2,4,8,partition_heal,3,3,3.092,,,,1.284,
trial,partition-heal-n4-bridge,3,4,8,partition_heal,3,3,2.839,,,,1.085,
trial,partition-heal-n4-bridge,4,4,8,partition_heal,3,3,2.697,,,,1.162,
trial,partition-heal-n4-bridge,5,4,8,partition_heal,3,3,2.842,,,,1.129,
trial,partition-heal-n4-bridge,6,4,8,partition_heal,3,3,2.510,,,,1.011,
trial,partition-heal-n4-bridge,7,4,8,partition_heal,3,3,2.923,,,,1.036,
trial,partition-heal-n4-bridge,8,4,8,partition_heal,3,3,2.580,,,,1.030,
trial,partition-heal-n4-bridge,9,4,8,partition_heal,3,3,2.395,,,,0.837,
trial,partition-heal-n4-bridge,10,4,8,partition_heal,3,3,2.445,,,,0.965,
summary,partition-heal-n4-bridge,10,4,8,partition_heal,3,3,,2.728,2.697,3.092,,1.068
trial,partition-heal-n4-concentrated,1,4,8,partition_heal,6,1,3.316,,,,1.693,
trial,partition-heal-n4-concentrated,2,4,8,partition_heal,6,1,4.582,,,,2.894,
trial,partition-heal-n4-concentrated,3,4,8,partition_heal,6,1,3.411,,,,1.945,
trial,partition-heal-n4-concentrated,4,4,8,partition_heal,6,1,3.193,,,,1.723,
trial,partition-heal-n4-concentrated,5,4,8,partition_heal,6,1,2.928,,,,1.467,
trial,partition-heal-n4-concentrated,6,4,8,partition_heal,6,1,3.416,,,,1.609,
trial,partition-heal-n4-concentrated,7,4,8,partition_heal,6,1,2.868,,,,1.289,
trial,partition-heal-n4-concentrated,8,4,8,partition_heal,6,1,3.303,,,,1.877,
trial,partition-heal-n4-concentrated,9,4,8,partition_heal,6,1,3.155,,,,1.152,
trial,partition-heal-n4-concentrated,10,4,8,partition_heal,6,1,3.033,,,,1.336,
summary,partition-heal-n4-concentrated,10,4,8,partition_heal,6,1,,3.320,3.193,4.582,,1.698
trial,partition-heal-n4,1,4,8,partition_heal,6,1,3.052,,,,1.486,
trial,partition-heal-n4,2,4,8,partition_heal,6,1,3.068,,,,1.447,
trial,partition-heal-n4,3,4,8,partition_heal,6,1,2.791,,,,1.491,
trial,partition-heal-n4,4,4,8,partition_heal,6,1,2.793,,,,1.369,
trial,partition-heal-n4,5,4,8,partition_heal,6,1,3.146,,,,1.675,
trial,partition-heal-n4,6,4,8,partition_heal,6,1,2.797,,,,1.215,
trial,partition-heal-n4,7,4,8,partition_heal,6,1,5.812,,,,1.214,
trial,partition-heal-n4,8,4,8,partition_heal,6,1,2.840,,,,1.370,
trial,partition-heal-n4,9,4,8,partition_heal,6,1,2.846,,,,1.369,
trial,partition-heal-n4,10,4,8,partition_heal,6,1,3.793,,,,2.590,
summary,partition-heal-n4,10,4,8,partition_heal,6,1,,3.294,2.846,5.812,,1.523
trial,partition-heal-n6-bridge-concentrated,1,6,12,partition_heal,7,3,5.246,,,,1.593,
trial,partition-heal-n6-bridge-concentrated,2,6,12,partition_heal,7,3,4.287,,,,1.443,
trial,partition-heal-n6-bridge-concentrated,3,6,12,partition_heal,7,3,3.963,,,,1.330,
trial,partition-heal-n6-bridge-concentrated,4,6,12,partition_heal,7,3,3.764,,,,1.286,
trial,partition-heal-n6-bridge-concentrated,5,6,12,partition_heal,7,3,3.472,,,,1.043,
trial,partition-heal-n6-bridge-concentrated,6,6,12,partition_heal,7,3,3.860,,,,1.141,
trial,partition-heal-n6-bridge-concentrated,7,6,12,partition_heal,7,3,3.760,,,,1.274,
trial,partition-heal-n6-bridge-concentrated,8,6,12,partition_heal,7,3,4.255,,,,1.142,
trial,partition-heal-n6-bridge-concentrated,9,6,12,partition_heal,7,3,4.527,,,,1.456,
trial,partition-heal-n6-bridge-concentrated,10,6,12,partition_heal,7,3,4.082,,,,1.257,
summary,partition-heal-n6-bridge-concentrated,10,6,12,partition_heal,7,3,,4.122,3.963,5.246,,1.296
trial,partition-heal-n6-bridge,1,6,12,partition_heal,7,3,4.385,,,,1.231,
trial,partition-heal-n6-bridge,2,6,12,partition_heal,7,3,4.815,,,,1.346,
trial,partition-heal-n6-bridge,3,6,12,partition_heal,7,3,4.678,,,,1.363,
trial,partition-heal-n6-bridge,4,6,12,partition_heal,7,3,4.359,,,,1.359,
trial,partition-heal-n6-bridge,5,6,12,partition_heal,7,3,4.113,,,,1.327,
trial,partition-heal-n6-bridge,6,6,12,partition_heal,7,3,4.864,,,,1.377,
trial,partition-heal-n6-bridge,7,6,12,partition_heal,7,3,4.420,,,,1.353,
trial,partition-heal-n6-bridge,8,6,12,partition_heal,7,3,4.283,,,,1.394,
trial,partition-heal-n6-bridge,9,6,12,partition_heal,7,3,6.131,,,,1.411,
trial,partition-heal-n6-bridge,10,6,12,partition_heal,7,3,4.400,,,,1.501,
summary,partition-heal-n6-bridge,10,6,12,partition_heal,7,3,,4.645,4.400,6.131,,1.366
trial,partition-heal-n6-concentrated,1,6,12,partition_heal,15,1,7.605,,,,4.702,
trial,partition-heal-n6-concentrated,2,6,12,partition_heal,15,1,7.717,,,,5.598,
trial,partition-heal-n6-concentrated,3,6,12,partition_heal,15,1,6.626,,,,4.574,
trial,partition-heal-n6-concentrated,4,6,12,partition_heal,15,1,6.715,,,,4.473,
trial,partition-heal-n6-concentrated,5,6,12,partition_heal,15,1,5.622,,,,2.880,
trial,partition-heal-n6-concentrated,6,6,12,partition_heal,15,1,5.879,,,,3.523,
trial,partition-heal-n6-concentrated,7,6,12,partition_heal,15,1,7.790,,,,5.764,
trial,partition-heal-n6-concentrated,8,6,12,partition_heal,15,1,5.710,,,,3.569,
trial,partition-heal-n6-concentrated,9,6,12,partition_heal,15,1,6.445,,,,4.464,
trial,partition-heal-n6-concentrated,10,6,12,partition_heal,15,1,6.611,,,,4.181,
summary,partition-heal-n6-concentrated,10,6,12,partition_heal,15,1,,6.672,6.611,7.790,,4.373
trial,partition-heal-n6,1,6,12,partition_heal,15,1,5.339,,,,2.635,
trial,partition-heal-n6,2,6,12,partition_heal,15,1,6.251,,,,4.502,
trial,partition-heal-n6,3,6,12,partition_heal,15,1,5.365,,,,2.537,
trial,partition-heal-n6,4,6,12,partition_heal,15,1,4.911,,,,2.742,
trial,partition-heal-n6,5,6,12,partition_heal,15,1,5.349,,,,3.450,
trial,partition-heal-n6,6,6,12,partition_heal,15,1,5.931,,,,3.720,
trial,partition-heal-n6,7,6,12,partition_heal,15,1,5.596,,,,3.555,
trial,partition-heal-n6,8,6,12,partition_heal,15,1,6.159,,,,4.123,
trial,partition-heal-n6,9,6,12,partition_heal,15,1,6.597,,,,4.249,
trial,partition-heal-n6,10,6,12,partition_heal,15,1,5.115,,,,2.702,
summary,partition-heal-n6,10,6,12,partition_heal,15,1,,5.662,5.365,6.597,,3.421
trial,partition-heal-n8-bridge-concentrated,1,8,16,partition_heal,13,3,6.263,,,,1.953,
trial,partition-heal-n8-bridge-concentrated,2,8,16,partition_heal,13,3,9.959,,,,1.382,
trial,partition-heal-n8-bridge-concentrated,3,8,16,partition_heal,13,3,5.470,,,,1.135,
trial,partition-heal-n8-bridge-concentrated,4,8,16,partition_heal,13,3,4.616,,,,1.166,
trial,partition-heal-n8-bridge-concentrated,5,8,16,partition_heal,13,3,5.827,,,,1.361,
trial,partition-heal-n8-bridge-concentrated,6,8,16,partition_heal,13,3,5.087,,,,1.479,
trial,partition-heal-n8-bridge-concentrated,7,8,16,partition_heal,13,3,4.905,,,,1.204,
trial,partition-heal-n8-bridge-concentrated,8,8,16,partition_heal,13,3,5.185,,,,1.407,
trial,partition-heal-n8-bridge-concentrated,9,8,16,partition_heal,13,3,5.571,,,,1.323,
trial,partition-heal-n8-bridge-concentrated,10,8,16,partition_heal,13,3,4.810,,,,1.218,
summary,partition-heal-n8-bridge-concentrated,10,8,16,partition_heal,13,3,,5.769,5.185,9.959,,1.363
trial,partition-heal-n8-bridge,1,8,16,partition_heal,13,3,4.639,,,,1.094,
trial,partition-heal-n8-bridge,2,8,16,partition_heal,13,3,4.361,,,,1.004,
trial,partition-heal-n8-bridge,3,8,16,partition_heal,13,3,4.688,,,,1.111,
trial,partition-heal-n8-bridge,4,8,16,partition_heal,13,3,4.584,,,,1.185,
trial,partition-heal-n8-bridge,5,8,16,partition_heal,13,3,4.722,,,,1.141,
trial,partition-heal-n8-bridge,6,8,16,partition_heal,13,3,5.071,,,,1.235,
trial,partition-heal-n8-bridge,7,8,16,partition_heal,13,3,5.106,,,,1.226,
trial,partition-heal-n8-bridge,8,8,16,partition_heal,13,3,5.149,,,,1.212,
trial,partition-heal-n8-bridge,9,8,16,partition_heal,13,3,5.738,,,,1.149,
trial,partition-heal-n8-bridge,10,8,16,partition_heal,13,3,5.255,,,,1.099,
summary,partition-heal-n8-bridge,10,8,16,partition_heal,13,3,,4.931,4.722,5.738,,1.146
trial,partition-heal-n8-concentrated,1,8,16,partition_heal,28,1,12.039,,,,9.340,
trial,partition-heal-n8-concentrated,2,8,16,partition_heal,28,1,10.814,,,,8.323,
trial,partition-heal-n8-concentrated,3,8,16,partition_heal,28,1,11.230,,,,8.032,
trial,partition-heal-n8-concentrated,4,8,16,partition_heal,28,1,10.858,,,,8.226,
trial,partition-heal-n8-concentrated,5,8,16,partition_heal,28,1,9.513,,,,6.585,
trial,partition-heal-n8-concentrated,6,8,16,partition_heal,28,1,10.695,,,,7.904,
trial,partition-heal-n8-concentrated,7,8,16,partition_heal,28,1,9.414,,,,6.602,
trial,partition-heal-n8-concentrated,8,8,16,partition_heal,28,1,8.345,,,,5.952,
trial,partition-heal-n8-concentrated,9,8,16,partition_heal,28,1,8.398,,,,5.871,
trial,partition-heal-n8-concentrated,10,8,16,partition_heal,28,1,8.944,,,,4.739,
summary,partition-heal-n8-concentrated,10,8,16,partition_heal,28,1,,10.025,9.513,12.039,,7.157
trial,partition-heal-n8,1,8,16,partition_heal,28,1,9.252,,,,5.900,
trial,partition-heal-n8,2,8,16,partition_heal,28,1,9.048,,,,6.335,
trial,partition-heal-n8,3,8,16,partition_heal,28,1,9.341,,,,6.139,
trial,partition-heal-n8,4,8,16,partition_heal,28,1,9.764,,,,7.308,
trial,partition-heal-n8,5,8,16,partition_heal,28,1,9.994,,,,5.354,
trial,partition-heal-n8,6,8,16,partition_heal,28,1,8.989,,,,6.410,
trial,partition-heal-n8,7,8,16,partition_heal,28,1,8.414,,,,6.033,
trial,partition-heal-n8,8,8,16,partition_heal,28,1,8.747,,,,6.405,
trial,partition-heal-n8,9,8,16,partition_heal,28,1,13.169,,,,10.265,
trial,partition-heal-n8,10,8,16,partition_heal,28,1,9.126,,,,6.743,
summary,partition-heal-n8,10,8,16,partition_heal,28,1,,9.584,9.126,13.169,,6.689
